Company Name,Position,Location,Link To Apply
INDIAVIDUAL LEARNING LIMITED,Graphic Designer and Illustrator,"Bengaluru, Karnataka•Temporarily Remote",https://in.indeed.com/pagead/clk?mo=r&ad=-6NYlbfkN0CIyzqDynCG8XEmolhuG5gOHB7kMThBUIHHM_Kg65fVj9mcObJ7jFZe6VyX9PigDdwkAUvrI_sBUIDWf20V9dvopOL-v-rRkYUd4mdsipgIdjLMDjv24-FP0p302R2_cWtEP9iEdRjKpBlKf3Q7tIJzDiAGnTbBMM-YAndNR7jFG1rPTILDoaytJoaRKk-VWcNqhxpsKhlOPU0bnU7gvanqodAGlp_zk3F0yTfN_y-B_IJGE6mLa_ScDGVccfRIRNJsjE-UNUoHoIl_PvvXyv5rlokdzfXeSZK7teVVSShQJVEGZ55vNUVDpJvI8kpr0AfHXUwA8hVQkUllGMiVKEx3vdEOPkikNoEO6IiFdczBYvBgeBpTZMkt6OX6yYOM7Cw42X_eeHzAB_2nYBqGInTbwrDDqtORqFqQYIF08KNchNsOFnVCgFEzd1eR5723lZWCj8QRvqkZ0tH9oW3G1y6TlxIcoBAmVr4DiOYl3dgRow==&p=0&fvj=1&vjs=3
Alippo,Hotel management Inter,Remote•Remote,https://in.indeed.com/company/Alippo/jobs/Hotel-Management-Intern-c9f345d84ad2dc3b?fccid=25539af1dd90c967&vjs=3
"Riverbed Technology, Inc.",Member of Technical Staff- Inter,"Bengaluru, Karnataka",https://in.indeed.com/rc/clk?jk=371a3b78b9e3bbd9&fccid=5458e6417269d019&vjs=3
Alippo,Business Development Inter,Remote•Remote,https://in.indeed.com/company/Alippo/jobs/Business-Development-Intern-d2984be89b1f95ef?fccid=25539af1dd90c967&vjs=3
Yeag Technology,Sales and Marketing Inter,Remote•Remote,https://in.indeed.com/company/Yeag-Technology/jobs/Sales-Marketing-Intern-7d5f3bf683e3836b?fccid=6cee073bee60a566&vjs=3
SuperProcure,Financial Analyst Inter,Remote•Temporarily Remote,https://in.indeed.com/company/SuperProcure/jobs/Financial-Analyst-Intern-eb6f219f4bd780c6?fccid=787a7e3428faf692&vjs=3
EnactOn Technologies Private Limited,Intern and Trainee for a Software Development,"Surat, Gujarat•Remote",https://in.indeed.com/company/EnactOn-Technologies-Private-Limited/jobs/Intern-Trainee-Software-Development-05e4f58dce4ffe0f?fccid=5709600aba0f4f56&vjs=3
ZeroPlast Labs Pvt Ltd,Operations Inter,"Bengaluru, Karnataka",https://in.indeed.com/company/ZeroPlast-Labs-Pvt-Ltd/jobs/Operation-Intern-686f5f4c64b16616?fccid=d89df3bdea7e60de&vjs=3
Fitdeals.in,Graphic Design Inter,Remote•Temporarily Remote,https://in.indeed.com/company/Fitdeals.in/jobs/Graphic-Design-Intern-9b607cdf4296da1d?fccid=399483e4c615e497&vjs=3
Microchip Technology,Inter,India+1 location,https://in.indeed.com/rc/clk?jk=070e6e09301df28d&fccid=8c38fd5503448ab2&vjs=3
Cyient,Interns,"Bengaluru, Karnataka",https://in.indeed.com/rc/clk?jk=7548a1a443962834&fccid=48337f40cc18bca7&vjs=3
OXO Solutions,Deep Learning Inter,India,https://in.indeed.com/rc/clk?jk=af1185a0aa57b7de&fccid=72608fee1e921f8c&vjs=3
DesignShapers,Architectural Inter,"Delhi, Delhi•Remote",https://in.indeed.com/company/DesignShapers/jobs/Architectural-Intern-e74ecd968f3afb0f?fccid=2b6fb2b2fdf9392c&vjs=3
Godigihub Infotech,SEO Inter,Remote+1 location•Temporarily Remote,https://in.indeed.com/company/Godigihub-Infotech/jobs/SEO-Intern-a411f277244cdeb6?fccid=4d1ef3e014742b18&vjs=3
Asian Hr Consultant,Python Developer Inter,"Chandigarh, Chandigarh•Temporarily Remote",https://in.indeed.com/company/Asian-Hr-Consultant/jobs/Python-Developer-Intern-526cc08c633c0809?fccid=8e03c3a7bcabd912&vjs=3
